10 plus 10,10+10,2011,Hou Hsiao-hsien,,10 plus 10
100 Yen Love,百円の恋,2014,Masaharu Take,,100 Yen Love
15 Hours,15 Hours,2017,Wang Bing,,15 Hours (2017)
2/Duo,2/デュオ,1997,Nobohiro Suwa,,2/Duo
24 Frames,24 Frames,2017,Abbas Kiarostami,,24.Frames.2017.1080p.BluRay.x264-[YTS.AM].mp4
3000 Nights,                                                       ٣٠٠٠ ليلة,2015,Mai Masri,,3000 Nights
5 Broken Cameras,Five Broken Cameras,2011,"Guy Davidi,Emad Burnat",,5 Broken Cameras
9 Souls,ナイン・ソウルズ,2003,Toshiaki Toyoda,,9.-souls.-2003.-japanese.-1080p.-blu-ray
A Better Tomorrow ,英雄本色,1986,John Woo,,A Better Tomorrow I
A Better Tomorrow II,英雄本色2,1987,John Woo,,A Better Tomorrow II
A Better Tomorrow III : Love and Death in Saigon,英雄本色3：夕阳之歌,1989,Tsui Hark,,A Better Tomorrow III
A Bride for Rip Van Winkle,リップヴァンウィンクルの花嫁,2016,Shunji Iwai,,A Bride for Rip Van Winkle
A Brighter Summer Day,牯嶺街少年殺人事件,1991,Edward Yang,,A Brighter Summer Day
A Canned Crab,A Canned Crab,1991,Shunji Iwai,,04 - A Canned Crab - Shunji Iwai - 1992
A City of Sadness,悲情城市,1989,Hou Hsiao-hsien,,A City of Sadness
A Confucian Confusion,獨立時代,1994,Edward Yang,,A Confucian Confusion
A Girl Named Ann,あんのこと,2024,Yu Irie,,A Girl Named Ann
A Hen in the Wind,風の中の牝鶏,1948,Yasujiro Ozu,,A.Hen.In.The.Wind.1948.1080p.BluRay.REMUX.AVC.FLAC.2.0-RMS.mkv
A Hero Never Dies,眞心英雄,1998,Johnnie To ,,A.Hero.Never.Dies.1998.FRA.BluRay.REMUX.1080p.AVC.DTS-HD.MA.5.1-KMX.mkv
A Hidden Life,A Hidden Life,2019,Terrence Malick,,A Hidden Life (2019) [1080p] [BluRay] [5.1] [YTS.MX]
A Homance,ア・ホーマンス,1986,Yusaku Matsuda,,A Homance
A Magical Substance Blows into Me,                                              في إثر مادة سحرية,2015,Jumana Manna,,A Magical Substance Blows into Me
A Message From Akira Kurosawa,黒澤明からのメッセージ～美しい映画を～,2000,Hisao Kurosawa,,A.Message.from.Akira.Kurosawa.For.Beautiful.Movies.2000.1080p.BluRay.x264.DD.2.0-DFDB.mkv
A Moment of Innocence,                                                    نون و گلدون,1996,Moshen Makhmalbaf,,A Moment of Innocence
A Moment of Romance,天若有情,1990,Benny Chan Muk-Sing,,A Moment of Romance
A Moment of Romance II,天若有情II：天長地久,1993,Benny Chan Muk-Sing,,A Moment of Romance II
A Moment of Romance III,天若有情III烽火佳人,1996,Johnnie To ,,A Moment of Romance III
A Mother Should Be Loved,母を恋はずや,1934,Yasujiro Ozu,,A Mother Should Be Loved (1934).mkv
A Night in Nude,ヌードの夜,1993,Takashi Ishii,,A Night in Nude
A Night of Knowing Nothing,कुछ भी न जानने की एक रात,2021,Payal Kapadia,,A Night of Knowing Nothing
A Quiet Life,静かな生活,1995,Juzo Itami,,A Quiet Life
A Scene at the Sea,あの夏、いちばん静かな海。,1991,Takeshi Kitano,,A Scene At The Sea
A Snake of June,六月の蛇,2002,Shinya Tsukamoto,,Snake of June
A Story of Floating Weeds,浮草物語,1934,Yasujiro Ozu,,A.Story.Of.Floating.Weeds.1934.1080p.WEBRip.x264.AAC5.1-[YTS.MX].mp4
A Story of Yonosuke,横道世之介,2013,Shuichi Okita,,A Story of Yonosuke
A Straightforward Boy,突貫小僧,1929,Yasujiro Ozu,,A.Straightforward.Boy.1929.1080p.HDTV.AAC.2.0.x264-vaileila.mkv
A Summer at Grandpa's,冬冬的假期,1984,Hou Hsiao-hsien,,A Summer at Grandpa's
A Summer Solstice Story,夏至物語,1992,Shunji Iwai,,05 - The Summer Solstice Story - Shunji Iwai - 1992
A Taxing Woman,マルサの女,1987,Juzo Itami,,A Taxing Woman
A Taxing Woman Returns,マルサの女2,1988,Juzo Itami,,A Taxing Woman Returns
A Traveler's Needs,여행자의 필요,2024,Hong Sang-soo,,A Traveler's Need
A Wedding Suit,                                             لباسی برای عروسی,1976,Abbas Kiarostami,,A Wedding Suit
A World Not Ours,                                                                        عالم ليس لنا,2012,Mahdi Fleifel,,A World Not Ours
ABC Africa,ABC Africa,2001,Abbas Kiarostami,,ABC Africa (2001).mkv
Abiding Nowhere,無所住,2024,Tsai Ming-Liang,,Abiding Nowhere
Abnormal Family,変態家族 兄貴の嫁さん,1984,Masayuki Suo,,Abnormal Family
Accattone,Accattone,1961,Pier Paolo Pasolini,,Accatone
Achilles and the Tortoise,アキレスと亀,2006,Takeshi Kitano,,Achilles And The Tortoise
Across 110th Street,Across 110th Street,1972,Barry Shear,,Across 110th Street
Adrenaline Drive,アドレナリンドライブ,1999,Shinobu Yaguchi,,Adrenaline Drive
After Hours,After Hours,1985,Martin Scorsese,,After Hours
After Life,ワンダフルライフ,1998,Hirokazu Kore-eda,,After Life
After The Storm,海よりもまだ深く,2016,Hirokazu Kore-eda,,After The Storm
Afternoon,那日下午,2015,Tsai Ming-liang,,Afternoon
Afternoons of Solitude,Tardes de soledad,2024,Albert Serra,,Afternoons of Solitude
Air Doll,空気人形,2009,Hirokazu Kore-eda,,Airdoll
Alam,                                                              علم,2022,Firas Khoury,,Alam
Alexander the Great,Ο Μεγαλέξαντρος,1980,Theo Angelopoulos,,Alexander The Great
Alice in the Cities,Alice in den Städten,1974,Wim Wenders,,Alice in the Cities
All About Lily Chou-Chou,リリイ・シュシュのすべて,2001,Shunji Iwai,,All About Lily Chou Chou
All That Jazz,All That Jazz,1979,Bob Fosse,,All That Jazz (1979) [BluRay] [1080p] [YTS.AM]
All the Corners of the World,海角天涯,1989,Tsai Ming-liang,,All the Corners of the World (1989).mkv
All the Long Nights,夜明けのすべて,2024,Sho Miyake,,All The Long Nights (2024) [1080p] [WEBRip] [YTS.MX]
All Under the Moon,月はどっちに出ている,1993,Yoichi Sai,,Tsuki Wa Dotchi Ni Dete Iru (1993) [JAPANESE] [1080p] [WEBRip] [YTS.MX]
All We Imagine as Light,പ്രഭയായ് നിനച്ചതെല്ലാം,2024,Payal Kapadia,,All We Imagine as Light
An Autumn's Tale ,秋天的童話,1987,Mabel Cheung Yuen-Ting,,An Autumns Tale (1987) [1080p] [BluRay] [5.1]
An Eater,喰べた人,1963,Nobuhiko Obayashi,,Tabeta Hito
An Elephant Sitting Still,大象席地而坐,2018,Hu Bo,,An Elephant Sitting Still
An Inn in Tokyo,東京の宿,1935,Yasujiro Ozu,,Inn in Tokyo
An Urban Allegory,Allégorie Citadine,2024,Alice Rohrwacher,,An Urban Allegory
And Then,それから,1985,Yoshimitsu Morita,,And Then
And Towards Happy Alley,And Towards Happy Alleys,2023,Sreemoyee Singh,,And Towards Happy Alley
Andrei Rublev,Андрей Рублёв,1966,Andrei Tarkovsky,,Andrei Roublev
Angel Dust,エンジェル・ダスト,1994,Gakuryu Ishii,,Angel Dust
Anticipation of the Night,Anticipation of the Night ,1963,Stan Brakhage ,,Anticipation of the Night.Stan Brakhage.1958.720p.BluRay.AVC-mfcorrea.mkv
April Fish,四月の魚,1986,Nobuhiko Obayashi,,April Fish
April Story,四月物語,1998,Shunji Iwai,,April Story
Arabian Nights,Il fiore delle Mille e una notte,1974,Pier Paolo Pasolini,,Arabian Nights
Around Five,Around Five,2005,Abbas Kiarostami,,Around.Five.2005.PAL.DVD.REMUX.MPEG-2.DD.2.0-CiNeD.mkv
"As I Was Moving Ahead,Occasionally I Saw Brief Glimpses of Beauty","As I was Moving Ahead,Occasionally I Saw Brief Glimpses of Beauty",2000,Jonas Mekas,,As I Was Moving
As Tears Go By,旺角卡門,1988,Wong Kar-Wai,,As Tears Go By
Asako I & II,寝ても覚めても,2018,Ryusuke Hamaguchi,,Asako 1 & 2
Ashes of Time,東邪西毒,1994,Wong Kar-Wai,,Ashes of Time
Athens : Return to the Acropolis,"Αθήνα, επιστροφή στην Ακρόπολη",1983,Theo Angelopoulos,,"Athens, Return to the Acropolis (1983) -- Theodoros Angelopoulos"
August in the Water,水の中の八月,1995,Gakuryu Ishii,,August in the Water
August Without Him,彼のいない八月が,1994,Hirokazu Kore-eda,,August without him (1994).mp4
Barking Dogs Never Bite,플란다스의 개,2000,Bong Joon Ho,,Barking Dogs Never Bite
Barren Illusions,大いなる幻影,1999,Kiyoshi Kurosawa,,Barren Illusions - 1999 - Kiyoshi Kurosawa.mkv
Beauty Lives in Freedom,Beauty Lives in Freedom,2018,Wang Bing,,Wang Bing - Beauty Lives in Freedom_SD_WEB.mkv
Before We Vanish,散歩する侵略者,2017,Kiyoshi Kurosawa,,Before We Vanish
Behind the Yellow Line,緣份,1984,Taylor Wong,,Behind the Yellow Line
Beijing Watermelon,北京的西瓜,1989,Nobuhiko Obayashi,,Beijing Watermelon
Beppin Town,べっぴんの町,1989,Takahito Hara,,Beppin.No.Machi.1989.720p.HDTV.AAC.x264-GEO9875.mkv
Beyond Outrage,アウトレイジ ビヨンド,2012,Takeshi Kitano,,Beyond Outrage
Beyond the Infinite Two Minutes,ドロステのはてで僕ら,2020,Junta Yamaguchi,,Beyond the Infinite Two Minutes
Big Time Gambling Boss,博奕打ち 総長賭博,1968,Kosaku Yamashita,,Big Time Gambling Boss
Big World,小小的我,2024,Yang Lina,,Big World
Birth,Birth,2004,Jonathan Glaze,,Birth
Bitter Money,苦钱,2016,Wang Bing,,Ku.Qian.AKA.Bitter.Money.2016.1080p.WEB-DL.AAC2.0.H.264-Art.mkv
Black Angel,黒の天使 Vol.1,1998,Takashi Ishii,,Black Angel
Black Jack : The Visitor in the Eye,ブラックジャック 瞳の中の訪問者,1977,Nobuhiko Obayashi,,The Visitor in the Eye
Black Narcissus,Black Narcissus,1947,"Emeric Pressburger, Michael Powell",,Black Narcissus
Black Rain,黒い雨,1989,Shōhei Imamura,,Black Rain
Black Test Car,黒の試走車,1962,Yasuzo Masumura,,Black Test Car
Black Trump Card,黒の切り札,1964,Umetsugu Inoue,,Black Trump Card
Blessing Bell,幸福の鐘,2002,SABU,,Blessing Bell
Blue,ブルー,2002,Hiroshi Ando,,Blue
Blue Gate Crossing,藍色大門,2002,Yee Chih-yen,,Blue Gate Crossing
Blue Moon,藍月,1997,Ko I-Chen,,Blue Moon ( Lan yue) 1997 [Ko I-chen].mp4
Blue Spring,青い春,2001,Toshiaki Toyoda,,Blue Spring
Boat People,投奔怒海,1982,Ann Hui,,Boat People
Body Drop Asphalt,ボディドロップアスファルト,2000,Junko Wada,,Body Drop Asphalt
Boiling Point,３－４Ｘ１０月,1990,Takeshi Kitano,,Boiling Point
Bounce Ko Gals,バウンス ko GALS,1997,Masato Harada,,Bounce Ko Gals
Bounce Ko Gals,バウンス ko GALS,1997,Masato Harada,,Bounce Ko Gals
"Bound for the Field,the Mountains and the Seacoast",野ゆき山ゆき海べゆき,1986,Nobuhiko Obayashi,,"Bound for the Field,the Mountains and the Seacoast"
Boys,小孩,1991,Tsai Ming-liang,,Boys
Branded to Kill,殺しの烙印,1967,Seijun Suzuki,,Branded to Kill
Bright Future,アカルイミライ,2002,Kiyoshi Kurosawa,,Bright Future.mkv
Bringing Out The Dead,Bringing Out The Dead,1999,Martin Scorsese,,Bringing Out The Dead
Broadcast,Η Εκπομπή,1968,Theo Angelopoulos,,Broadcast
Broken Rage,Broken Rage,2024,Takeshi Kitano,,Broken Rage
Broker,브로커,2022,Hirokazu Kore-eda,,Broker
Brother,Brother,2000,Takeshi Kitano,,Brother
Brothers and Sisters of the Toda Family,戸田家の兄妹,1941,Yasujiro Ozu,,The Brothers and Sisters of the Toda Familly
BU SU,BU SU,1987,Jun Ichikawa,,BU SU
Buenos Aires Zero Degree: The Making of Happy Together,Buenos Aires Zero Degree,1999,"Kwan Pung Leung, Amos Lee",,The Making of Happy Together
Bullet Ballet,バレット・バレエ,1998,Shinya Tsukamoto,,Bullet Ballet
Bullet in the Head,喋血街頭,1990,John Woo,,Bullet in the Head
Bumpkin Soup,ドレミファ娘の血は騒ぐ,1985,Kiyoshi Kurosawa,,Bumpkin Soup
Bunny Drop,うさぎドロップ,2011,SABU,,Bunny Drop
Burst City,爆裂都市,1982,Gakuryu Ishii,,Burst City
By the Stream,수유천,2024,Hong Sang-soo,,By the Stream
Bye Bye Tiberias,                                                  باي باي طبري,2023,Lina Soualem,,Bye Bye Tiberias
Cabaret,キャバレー,1986,Haruki Kadokawa,,Cabaret
Café Lumière,珈琲時光,2003,Hou Hsiao-hsien,,Café Lumière
Caprice Italian Style,Capriccio all'italiana,1968,Pier Paolo Pasolini,,Caprice Italian Style
Castaway on the Moon,김씨 표류기,2009,Lee Hae-jun,,Castaway on the Moon
Casting Blossoms in the Sky,この空の花 長岡花火物語,2012,Nobuhiko Obayashi,,Casting Blossoms to the Sky
Caught by the Tides,风流一代,2024,Jia Zhang-ke,,Caught by the Tides
Certified Copy,Copie conforme,2010,Abbas Kiarostami,,Copie Conforme
Charisma,カリスマ,1999,Kiyoshi Kurosawa,,Charisma
Chime,Chime,2024,Kiyoshi Kurosawa,,Chime
Chizuko's Younger Sister,ふたり,1991,Nobuhiko Obayashi,,Chizuko's Younger Sister
Chronicle of a Disappearance,                                                      سجل اختفاء,1996,Elia Suleiman,,Chronicle of a Disappearance
Chungking Express,重慶森林,1994,Wong Kar-Wai,,Chungking Express
Cinema Paradiso,Nuovo Cinema Paradiso,1988,Giuseppe Tornatore,,Cinema Paradiso
City on Fire,龍虎風雲,1987,Ringo Lam Ling-Tung,,City On Fire
City War,義膽紅唇,1988,Sun Chung,,City War
Claire's Camera,La Caméra de Claire,2017,Hong Sang-soo,,Claire's Camera
Close-Up,                                                   کلوزآپ ، نمای نزدیک,1990,Abbas Kiarostami,,Close-Up
Coal Money,煤钱,2009,Wang Bing,,Coal Money
Code of Honor,義本無言,1987,Billy Chan Wui-Ngai,,Code of Honour
Cold Fever,Á köldum klaka,1995,Fridrik Thor Fridriksson,,Cold Fever
Cold War,Zimna wojna,2018,Pawel Pawlikowski,,Cold War
Columbus,Columbus,2017,Kogonada,,Columbus (2017) [BluRay] [1080p] [YTS.AM]
Complexe,Complexe,1964,Nobuhiko Obayashi,,Complexe
"Comrades, Almost a Love Story",甜蜜蜜,1996,Peter Ho-Sun Chan,,Comrades Almost A Love Story (1996) [1080p] [BluRay] [5.1]
Confession,遙かなる憧れギロチン恋の旅,1968,Nobuhiko Obayashi,,Confession
Coolie Killer,殺出西營盤,1982,Terry Tong Gei-Ming,,Coolie Killer.mkv
Corpo Celeste,Corpo Celeste,2011,Alice Rohrwacher,,Corpo Celeste
Creepy,クリーピー 偽りの隣人,2016,Kiyoshi Kurosawa,,Creepy
Crimson Gold,                                                      طلای سرخ,2003,Jafar Panahi,,Crimson Gold
Crows Explodes,クローズ EXPLODE,2014,Toshiaki Toyoda,,Crows Explode
Crude Oil,原油,2008,Wang Bing,,Crude Oil
Cure,キュア,1997,Kiyoshi Kurosawa,,Cure
Curtain Call,愛情物語,1984,Haruki Kadokawa,,Curtain Call
Cute Devil,可愛い悪魔,1982,Nobuhiko Obayashi,,Cute Devil
Cute Girl,就是溜溜的她,1980,Hou Hsiao-hsien,,Cute.Girl.AKA.Lovable.You.1980.1080p.RESTORED.WEB-DL.AAC2.0.x264-RSG.mkv
Cyclo,Xích lô,1995,Trần Anh Hùng,,Cyclo (1995) [480p] [DVDRip] [YTS.MX]
Dandanko,だんだんこ,1957,Nobuhiko Obayashi,,Dandanko
Dangan Runner,弾丸ランナー,1996,SABU,,Non Stop
Daughter of the Nile,尼羅河女兒,1987,Hou Hsiao-hsien,,Daughter of the Nile
Days,日子,2020,Tsai Ming-liang,,Days
Days of 36,Μέρες του '36,1972,Theo Angelopoulos,,Days of 36
Days of Being Wild,阿飛正傳,1990,Wong Kar-Wai,,Days of Being Wild
Days of Youth,学生ロマンス 若き日,1929,Yasujiro Ozu,,Days of Youth
Dead Souls,死靈魂,2018,Wang Bing,,dead.souls.2018.part1.subbed.dvdrip.x264-bipolar.mkv
Deaths in Tokimeki,ときめきに死す,1984,Yoshimitsu Morita,,Deaths in Tokimeki
Deep Cover,Deep Cover,1992,Bill Duke,,Deep Cover
Dekalog,Dekalog,1989,Krzysztof Kieslowski,,Dekalog
Departures,おくりびと,2008,Yokiro Takita,,Departures (2008) [BluRay] [1080p] [YTS.AM]
Dersu Uzala,Дерсу Узала,1975,Akira Kurosawa,,Dersu Uzala
Desert of Namibia,ナミビアの砂漠,2024,Yoko Yamanaka,,Desert of Namibia
Detective Story,探偵物語,1983,Kichitaro Negishi,,Detective Story
Diamonds of the Night,Démanty noci,1964,Jan Nemec,,Diamonds.Of.The.Night.1964.VOSTFR.1080p.BluRay.x264-YTS.AM.mkv
Distance,ディスタンス,2001,Hirokazu Kore-eda,,Distance
Do Not Expect Much from the End of the World,Nu Aștepta Prea Mult de la Sfârșitul Lumii,2023,Radu Jude,,Do Not Expect Much From the End of the World
Doctor Mack,流氓醫生,1995,Lee Chi-Ngai,,Doctor Mack
Dodes'ka-den,どですかでん,1970,Akira Kurosawa,,Dodes'ka-den
Dolls,ドールズ,2002,Takeshi Kitano,,Dolls
Door 3,Door 3,1996,Kiyoshi Kurosawa,,Door 3
Doppelgänger,ドッペルゲンガー,2003,Kiyoshi Kurosawa,,Doppelgänger
Double Fixation,意亂情迷,1987,Yonfan,,Double Fixation
Down the Road: The Making of Drive My Car,Down the Road : The Making of Drive My Car,2022,Teruhisa Yamamoto,,Down the Road
Dragnet Girl,非常線の女,1933,Yasujiro Ozu,,Dragnet Girl
Dream Fifteen,翔んだカップル,1980,Shinji Somai,,Dreamy Fifteen
Dreams,夢,1990,Akira Kurosawa,,Dreams
Drive My Car,ドライブ・マイ・カー,2021,Ryusuke Hamaguchi,,Drive My Car (2021) MULTI VFI 1080p BluRay HE-AAC 5.1 x265-k7.mkv
Drunken Angel,酔いどれ天使,1958,Akira Kurosawa,,Drunken Angel
Dust in the Wind,戀戀風塵,1986,Hou Hsiao-hsien,,Dust in the Wind
Dust of Angels,少年吔，安啦！,1992,Hsu Hsiao-Ming,,Dust of Angels
Dwelling in the Fuchun  Mountains,春江水暖,2019,Gu Xiaogang,,Dwelling in the Fuchun Mountains
Early Spring,早春,1956,Yasujiro Ozu,,Early Spring
Early Summer,麦秋,1951,Yasujiro Ozu,,Early Summer
Earth Light,Le Clair de Terre,1970,Guy Gilles,,Le Clair de Terre
"East Palace, West Palace",东宫西宫,1996,Zhang Yuan,,"East Palace, West Palace"
Electrical Gaza,Electrical Gaza,2015,Rosalind Nashashibi,,Electrical Gaza
Emotion,EMOTION 伝説の午後＝いつか見たドラキュラ,1966,Nobuhiko Obayashi,,Emotion
Eternity and a Day,Μια αιωνιότητα και μια μέρα,1998,Theo Angelopoulos,,Eternity and a Day
Eureka,ユリイカ,2000,Shinji Aoyama,,Eureka
Everybody's fine,Stanno tutti bene,1990,Giuseppe Tornatore,,Everybodys Fine (1990) [1080p]
Evil Dead Trap,死霊の罠,1988,Toshiharu Ikeda,,Evil Dead Trap
Evil Does Not Exist,悪は存在しない,2023,Ryusuke Hamaguchi,,Evil Does Not Exist
Exotica,Exotica,1994,Atom Egoyan,,Exotica
Eyes Of The Spider,蜘蛛の瞳,1998,Kiyoshi Kurosawa,,Eyes Of The Spider
Face,Visage,2009,Tsai Ming-liang,,Visage
Fail Safe,Fail Safe,1964,Sidney Lumet,,Fail Safe
Fallen Angels,墮落天使,1995,Wong Kar-Wai,,Fallen Angels
Fancy Dance,ファンシイダンス,1989,Masayuki Suo,,Fancy Dance
Farewell My Concubine,霸王别姬,1993,Chen Kaige,,Farewell My Concubine
Father and Sons,父与子,2014,Wang Bing,,Father and Sons (2014).mkv
Fellow Citizen,                                                       همشهری    ,1983,Abbas Kiarostami,,Fellow.Citizen.1983.720p.BluRay.AAC1.0.x264-Dariush.mkv
Fengming: A Chinese Memoir,和凤鸣,2007,Wang Bing,,Fengming - A Chinese Memoir
Fire Festival,火まつり,1985,Mitsuo Yanagimachi,,Fire Festival
Fires on the Plain,野火,2014,Shinya Tsukamoto,,Fires on the Plain
Fireworks ,HANA-BI,1997,Takeshi Kitano,,Hana-Bi
"Fireworks,Should We See it from the Side or the Bottom?",打ち上げ花火、下から見るか？横から見るか？,1993,Shunji Iwai,,"Fireworks,Should We See It From the Side or the Bottom"
First Case Second Case,                                  قضیه شکل اول... شکل دوم,1979,Abbas Kiarostami,,First.Case.Second.Case.1979.1080p.BluRay.AAC1.0.x264-Dariush.mkv
First Graders,                                                                            ولی‌ها...,1984,Abbas Kiarostami,,First Graders
First Love,첫사랑,1993,Lee Myung-se,,First Love
First Love : The Litter on the Breeze,初纏戀後的2人世界,1997,Eric Kot Man-Fai,,First Love : The Litter on the Breeze
Fishmans,映画: フィッシュマンズ,2021,Yuki Teshima,,Fishmans
Five Dedicated to Ozu,Five Dedicated to Ozu,2003,Abbas Kiarostami,,Five.Dedicated.to.Ozu.(Abbas.Kiarostami.2003).avi
Flaming Brothers,江湖龍虎鬥,1987,Joe Cheung,,Flaming Brothers
Flic,フリック,2005,Masahiro Kobayashi,,Flic
Flight of the Red Balloon,Le Voyage du ballon rouge,2007,Hou Hsiao-hsien,,Flight of the Red Balloon
Floating Weeds,浮草,1959,Yasujiro Ozu,,Floating Weeds
Flowers of Shanghai,海上花,1998,Hou Hsiao-hsien,,Flowers of Shanghai
Foragers,                                                    اليد الخضراء,2022,Jumana Manna,,Foragers
Four Roads,Quattro Strade,2021,Alice Rohrwacher,,Four Roads
Four Sisters,姉妹坂,1985,Nobuhiko Obayashi,,Four Sisters
Fried Dragon Fish,フライド ドラゴン フィッシュ,1993,Shunji Iwai,,Fried.Dragon.Fish.1993.DVDRip.x264.AC3.mkv
Friends After 3.11,Friends After 3.11,2011,Shunji Iwai,,Friends.After.3.11.2011.DVDRip.x264.AC3-GDK
From Beijing with Love,國產凌凌漆,1994,"Stephen Chow Sing-Chi, Lee Lik-Chi",,From Beijing With Love
From Ground Zero,                قصص غير محكية من غزة من المسافة صفر,2024,"Bashar Al Babisi,Muhammad Al Sharif.....",,From Ground Zero
Full Contact,俠盜高飛,1992,Ringo Lam Ling-Tung,,Full Contact
Full Moon in New York,人在紐約,1989,Stankey Kwan Kam-Pang,,Full Moon in New York
Futura,Futura,2021,"Alice Rohrwacher,Pietro Marcello,Francesco Munzi",,Futura
Gabbeh,                                                                         گب,1996,Mohsen Makhmalbaf,,Gabbeh
Gemini,双生児 -GEMINI-,1999,Shinya Tsukamoto,,Gemini
Getting Any?,みんな〜やってるか!,1994,Takeshi Kitano,,Getting Any
Ghost Soup : Director's Cut,ゴーストスープ,1991,Shunji Iwai,,Ghost.Soup.Directors.Cut.1992
Give Me a Home,給我一個家,1991,Tsai Ming-liang,,Give Me a Home
Glory to the Flilmmaker!,ばんざい! / 監督・ばんざい!,2007,Takeshi Kitano,,Glory To The Fillmmaker
Go For Broke,Ｖ・マドンナ大戦争,1985,Genji Nakamura,,Go For Broke
Go Seppuku Yourselves,全員切腹,2021,Toshiaki Toyoda,,go.seppuku.yourselves.2021.1080p.bluray.x264-bipolar.mkv
God of Gamblers,賭神,1989,Wong Jing,,God Of Gamblers
God's Own Country,God's Own Country,2017,Francis Lee,,God's Own Country
God's Own Country,God's Own Country,2017,Francis Lee,,God's Own Country
Godland,Vanskabte land,2022,Hlynur Palmason,,Godland
Godzilla Minus One,ゴジラ-1.0,2023,Takashi Yamazaki,,Godzilla Minus One
Gonin,The Five,1995,Takashi Ishii,,Gonin
"Good Men, Good Women",好男好女,1995,Hou Hsiao-hsien,,"Good Men, Good Women"
Good Morning,お早よう,1959,Yasujiro Ozu,,Good Morning
Goodbye for Tomorrow,あした,1995,Nobuhiko Obayashi,,Goodbye for Tomorrow
"Goodbye South, Goodbye",南國再見，南國,1996,Hou Hsiao-hsien,,"Goodbye South, Goodbye"
"Goodbye, Dragon Inn",不散,2003,Tsai Ming-liang,,Goodbye Dragon Inn
Grass,풀잎들,2018,Hong Sang-soo,,Grass
Gummo,Gummo,1997,Harmony Korine,,Gummo
Ha ha ha,하하하,2010,Hong Sang-soo,,Ha ha ha
Hachiko,ハチ公物語,1987,Seijiro Koyama,,Hachiko
Hairpin Circus,ヘアピン・サーカス,1972,Kiyoshi Nishimura,,Hairpin Circus
Hakuchi The Innocent,白痴,1999,Makoto Mezuka,,Hakuchi The Innocent
Hana,花よりもなほ,2006,Hirokazu Kore-eda,,Hana
Hana & Alice,花とアリス,2004,Shunji Iwai,,Hana and Alice
Hanagatami,花筐,2017,Nobuhiko Obayashi,,Hanagatami
Hanging Garden,空中庭園,2005,Toshiaki Toyoda,,Hanging Garden
Happiness,Happiness,1998,Todd Solondz,,Happiness
Happy as Lazzaro,Lazzaro felice,2018,Alice Rohrwacher,,Happy as Lazzaro
Happy Hour,ハッピーアワー,2015,Ryusuke Hamaguchi,,Happy Hour
Happy Together,春光乍洩,1997,Wong Kar-Wai,,Happy Together
Happyend,Happyend,2024,Neo Sora,,Happyend
Hard Boiled,辣手神探,1992,John Woo,,Hard Boiled
Harmful Insect,害虫,2001,Akihiko Shiota,,Harmful Insect
Haru,(ハル),1996,Yoshimitsu Morita,,Haru
Haruka Nostalgia,はるか、ノスタルジィ,1993,Nobuhiko Obayashi,,Haruka Nostalgia
Haze,ヘイズ,2005,Shinya Tsukamoto,,Haze
"He Ain't Heavy, He's My Father",新難兄難弟,1993,Peter Chan,,"He Ain't Heavy, He's My Father"
Heaven Is Still Far Away,天国はまだ遠い,2016,Ryusuke Hamaguchi,,Heaven.Is.Still.Far.Away.2016.mkv
Heroes Shed No Tears,英雄無淚,1984,John Woo,,Heroes Shed No Tears
HHH A Portrait of Hou Hsiao Hsien,HHH - Un portrait de Hou Hsiao-Hsien,1997,Olivier Assayas,,HHH.A.Portrait.of.Hou.Hsiao-hsien.1997.1080.BluRay.FLAC.x264-NoGroup.mkv
High and Low,天国と地獄,1963,Akira Kurosawa,,High and Low
High Risk,鼠膽龍威,1995,Wong Jing,,High Risk
Hill of Freedom,자유의 언덕,2014,Hong Sang-soo,,Hill of Freedom
Hill of No Return,無言的山丘,1992,Wang Tung,,Hill of no Return
Hiruko The Goblin,ヒルコ／妖怪ハンター,1991,Shinya Tsukamoto,,Hiruko.the.Goblin.1991.VOSTFR.1080p.HDLight.x264.AAC-Mjc-Dread-Team.mkv
"His Motorbike, Her Island",彼のオートバイ、彼女の島,1986,Nobuhiko Obayashi,,His Motorbike Her Island
Homework,                                                                          مشق شب,1989,Abbas Kiarostami,,Homework
Hotel by the River,강변호텔,2018,Hong Sang-soo,,Hotel by the River
House,ハウス,1977,Nobuhiko Obayashi,,House
House of Tolerance,"L'Apollonide, souvenirs de la maison close",2011,Bertrand Bonello,,L'Apollonide.Souvenirs.de.la.Maison.Close.2010.1080p.BDRIP.[MPC].mkv
Hovering Over the Water,À Flor do Mar,1986,Joao César Monteiro,,Hovering Over The Water
I Am Cuba,Soy Cuba,1964,Mikhail Kalazotov,,I Am Cuba
"I Are You, You Am Me",転校生,1982,Nobuhiko Obayashi,,"I Are You, You Am Me"
I Come with the Rain,I Come with the Rain,2009,Trần Anh Hùng,,I Come with The Rain
I Don't Want to Sleep Alone,黑眼圈,2006,Tsai Ming-liang,,I Don't Want To Sleep Alone
"I Flunked, But...",落第はしたけれど,1930,Yasujiro Ozu,,I flunked but
"I Graduated, But...",大学は出たけれど,1929,Yasujiro Ozu,,I.Graduated.But.1929.1080i.HDTV.MPEG2.AAC-JPTVclub.mkv
I Live in Fear,生きものの記録,1955,Akira Kurosawa,,I Live in Fear
I Love Thee for Good,永遠に君を愛す,2009,Ryusuke Hamaguchi,,I Love Thee for Good
"I Was Born, But...",大人の見る繪本 生れてはみたけれど,1932,Yasujiro Ozu,,I.Was.Born.But.1932.1080p.BluRay.x264-USURY
I Wish,空気人形,2011,Hirokazu Kore-eda,,I Wish
I'm Flash !,I’M FLASH！,2012,Toshiaki Toyoda,,im.flash.2012.720p.bluray.x264-bipolar.mkv
I've Heard The Ammonite Murmur,アンモナイトのささやきを聞いた,1992,Isao Yamada,,I've Heard the Ammonite Murmur
Ikiru,生きる,1952,Akira Kurosawa,,Ikiru
Il Mare,시월애,2000,Lee Hyun-Seung,,Il Mare
Immortal Story,海上花,1986,Yonfan,,Immortal Story
In Another Country,다른 나라에서,2012,Hong Sang-soo,,In Another Country
In Front of Your Face,당신얼굴 앞에서,2021,Hong Sang-soo,,In Front of Your Face
In Our Day,우리의 하루,2023,Hong Sang-soo,,In Our Day
In Our Time,光陰的故事,1982,"Edward Yang,Chang Yi, Jim Tao, Koi I-chen",,In Our Time
In The Heat of the Sun,阳光灿烂的日子,1994,Jiang Wen,,In The Heat of The Sun
In the Land of Brothers,                                                در سرزمین براد,2024,"Alireza Ghasemi, Raha Amirfazli",,In the Land of Brothers
In the Mood for Love,花樣年華,2000,Wong Kar-Wai,,In The Mood For Love
In The Shadow of the Blue Rascal,À l'ombre de la canaille bleue,1986,Pierre Clémenti,,A L'ombre de la canaille bleue
In Water,물안에서,2023,Hong Sang-soo,,In Water
Infernal Affairs,無間道,2002,"Andrew Lau Wai-Keung, Alan Mak Siu-Fai",,Infernal Affairs
Infernal Affairs II,無間道II,2003,"Andrew Lau Wai-Keung, Alan Mak Siu-Fai",,Infernal Affairs II
Infernal Affairs III,無間道III: 終極無間,2003,"Andrew Lau Wai-Keung, Alan Mak Siu-Fai",,Infernal Affairs III
Interruption,Interruption,2015,Yorgos Zois,,Interruption
Intimacies,親密さ,2012,Ryusuke Hamaguchi,,intimacies.mkv
Introduction,인트로덕션,2021,Hong Sang-soo,,Introduction
Investigation of a Citizen Above Suspicion,Indagine su un cittadino al di sopra di ogni sospetto,1970,Elio Petri,,Investigation of a Citizen Above Suspicion
Ishibumi,いしぶみ,2016,Hirokazu Kore-eda,,Occult
Island of Hell,獄門島,1977,Kon Ichikawa,,Island of Hell
It's Only Talk,やわらかい生活,2005,Ryuichi Hiroki,,It's Only Talk
Jacquot de Nantes,Jacquot de Nantes,1991,Agnès Varda,,Jacquot de Nantes
"Je T'Aime, Je T'Aime","Je T'Aime, Je T'Aime",1968,Alain Resnais,,"Je T'Aime, Je T'Aime"
Johatsu-Into Thin Air,蒸発,2024,"Andreas Hartmann, Arata Mori",,Johatsu.Into.Thin.Air.2024.1080p.FEST.WEB-DL.AAC2.0.H.264-SasukeducK.mkv
Johnny Mnemmonic (BW version),Johnny Mnemmonic,1995,Robert Longo,,Johnny.Mnemonic.1995.BW.BDRip.mkv
Journey to the Shore,岸辺の旅,2015,Kiyoshi Kurosawa,,Journey to the Shore
Joyland,                                                                         جوائے لینڈ,2022,Saim Sadiq,,Joyland
Just Remembering,ちょっと思い出しただけ,2021,Daigo Matsui,,Just Remembering
Kage-roza,陽炎座,1981,Seijun Suzuki,,Kageroza
Kagemusha,影武者,1980,Akira Kurosawa,,Kagemusha
Kaisha Monogatari : Memories of You,会社物語 MEMORIES OF YOU,1988,Jun Ichikawa,,Memories of You
Kaito Ruby,快盗ルビイ,1988,Makoto Wada,,Kaito Ruby
Kamikaze Taxi,Kamikaze Taxi,1994,Masato Harada,,Kamikaze Taxi
Kamone Diner,かもめ食堂,2006,Naoko Ogigami,,Kamone Diner
Kandagawa Wars ,神田川淫乱戦争,1983,Kiyoshi Kurosawa,,Kandagawa Wars
Kaza-hana,風花,2000,Shinji Somai,,Kaza-hana
Kids Return,キッズ・リターン,1996,Takeshi Kitano,,Kids Return
Kikujiro,菊次郎の夏,1999,Takeshi Kitano,,Kikujiro
Killer of Sheep,Killer of Sheep,1978,Charles Burnett,,Killer of Sheep
Killing,斬,2018,Shinya Tsukamoto,,Killing
Kisaragi,キサラギ,2007,Yuichi Satoh,,Kisaragi
Kitchen,キッチン,1989,Yoshimitsu Morita,,Kitchen
Knockout,どついたるねん,1989,Junji Sakamoto,,Knockout
Kotoko,Kotoko,2011,Shinya Tsukamoto,,Kotoko
Kubi,首,2023,Takeshi Kitano,,Kubi
"Kurosawa, au dos des images","Kurosawa, au dos des images",2018,Alain Bergala,,"Kurosawa, au dos des images (2018).mkv"
Kyrie,キリエのうた,2023,Shunji Iwai,,Kyrie
La Chimera,La Chimera,2023,Alice Rohrwacher,,La Chimera
La Rabbia,La Rabbia,1963,Pier Paolo Pasolini,,La Rabbia
Labyrinth of Dreams,ユメノ銀河,1997,Gakuryu Ishii,,Labyrinth of Dreams
Laila's Birthday,                                                    عيد ميلاد ليلى,2008,Rashid Masharawi,,Laila's Birthday
Landscape in the Mist,Τοπίο στην ομίχλη,1988,Theo Angelopoulos,,Landscape in the Mist
Last Chants for a Slow Dance,Last Chants for a Slow Dance,1977,Jon Jost,,Last Chants for a Slow Dance
Last Letter,ラストレター,2020,Shunji Iwai,,Last Letter
Last Life in the Universe,เรื่องรัก น้อยนิด มหาศาล,2003,Pen-Ek Ratanaruang,,Last Life in the Universe
Last Room,Last Room,2011,Pierre Carniaux,,Last Room
Late Spring,晩春,1949,Yasujiro Ozu,,Late Spring
Le Chemin Du Serpent,蛇の道,2024,Kiyoshi Kurosawa,,Le Chemin Du Serpent (2024)
Le Pupille,Le Pupille,2022,Alice Rohrwacher,,Le Pupille
Legend of the Cat Monster,麗猫伝説,1983,Nobuhiko Obayashi,,Legend of the Cat Monster
Leila and the Wolves,                                                   ليلى و الذئاب,1984,Heiny Sour,,Leila and the Wolves
Les Plages d'Agnès,Les Plages d'Agnès,2008,Agnès Varda,,The.Beaches.Of.Agnes.2008.1080p.BluRay.x264.AAC5.1-[YTS.MX].mp4
Lessons from a Calf,もう一つの教育〜伊那小学校春組の記録〜,1991,Hirokazu Kore-eda,,Lessons from a Calf (1991).mp4
License To Live,ニンゲン合格,1998,Kiyoshi Kurosawa,,License To Live
Life is Cheap...But Toilet Paper is Expensive,Life is Cheap...But Toilet Paper is Expensive,1989,Wayne Wang,,Life is Cheap but Toilet Paper is Expensive
"Life,and Nothing More...",                                                              زندگی و دیگر هیچ,1992,Abbas Kiarostami,,And Life Goes On
Like Father Like Son,そして父になる,2013,Hirokazu Kore-eda,,Like Father Like Son
Like Nothing Happened,何食わぬ顔,2003,Ryusuke Hamaguchi,,Like.Nothing.Happened.2003.1080p.BluRay.REMUX.AVC.AC-3.2.0.mkv
Like Someone in Love,Like Someone in Love,2012,Abbas Kiarostami,,Like Someone in Love
Like Twenty Impossible,                                           كأننا عشرون مستحيل,2003,Annemarie Jacir,,Like Twenty Impossible
Like You Know It All,잘 알지도 못하면서,2009,Hong Sang-soo,,Like You Know It All
List,리스트,2011,Hong Sang-soo,,List
Loft,ロフト,2005,Kiyoshi Kurosawa,,LOFT.2005.HDTVRip.1080p.x264.RUS.liosaa.mkv
Long Arm of the Law,省港旗兵,1984,Johnny Mak Tong-Hung,,Long Arm of the Law
Long Day's Journey Into The Night,地球最后的夜晚,2018,Bi Gan,,Long day's Journey into night
Losing Ground,Losing Ground,1982,Kathleen Collins,,Losing Ground
Lost Chapter of Snow: Passion,雪の断章－情熱－,1985,Shinji Sōmai,,Yuki No Dansho - Jonetsu (1985) [1080p] [WEBRip] [YTS.MX]
Lost in the Mountains,첩첩산중,2009,Hong Sang-soo,,Lost in the Mountains
Love & Basketball,Love & Basketball,2000,Gina Prince-Bythewood,,Love & Basketball
Love & Pop,ラブ&ポップ,1998,Hideaki Anno,,Love & Pop
Love and Anger,Amore e rabbia,1969,"Pier Paolo Pasolini,Marco Bellocchio,Godard, etc..",,Love and Anger
Love Exposure,愛のむきだし,2008,Sion Sono,,Love Exposure
Love Hotel,ラブホテル,1985,Shinji Somai,,Love Hotel
Love in a Fallen City,傾城之戀,1984,Ann Hui,,Love in a Fallen City
Love Letter,ラブレター,1995,Shunji Iwai,,Love Letter
Love Meetings,Comizi d'amore,1964,Pier Paolo Pasolini,,Love Meetings
Loved Gun,ラブドガン,2004,Kensaku Watanabe,,Loved Gun
Luca on the Road,Rojo no Ruka,2024,Shunji Iwai,,Rojo no Ruka (2024)
Luminous Woman,光る女,1987,Shinji Somai,,Luminous Woman
Lunatic Love,ルナティック・ラヴ,1994,Shunji Iwai,,08 Lunatic Love (1994).mkv
"Lust, Caution",色‧戒,2007,Ang Lee,,"Lust,Caution"
Maborosi,幻の光,1995,Hirokazu Kore-eda,,Maborosi
Madadayo,まあだだよ,1993,Akira Kurosawa,,Madadayo
Madame Butterfly,蝴蝶夫人,2009,Tsai Ming-liang,,Madame Butterfly.mkv
Made in Hong-Kong,香港製造,1997,Fruit Chan,,Made In Hong Kong (1997) [BluRay] [1080p] [YTS.AM]
Mahjong,麻將,1996,Edward Yang,,Mahjong
Main Theme,メイン・テーマ,1984,Yoshimitsu Morita,,Main Theme
"Making of ""Dreams""",映画の肖像 黒澤明 大林宣彦 映画的対話 MAKING OF 'DREAMS',1990,Nobuhiko Obayashi,,Making.of.Dreams.A.Movie.Conversation.between.Akira.Kurosawa.and.Nobuhiko.Ã”bayashi.1990.Criterion.Collection.Japanese.1080i.BluRay.Remux.AVC.DD.1.0-HYPERbyte.mkv
Mamma Roma,Mamma Roma,1962,Pier Paolo Pasolini,,Mamma Roma
Man Facing Southeast,Hombre mrando al sudeste,1986,Eliseo Subiela,,Man Facing Southeast
Man in Black,黑衣人,2023,Wang Bing,,Man.in.Black.2023.1080p.ARTE.WEB-DL.AAC.2.0.H.264-NotYouHuan.mkv
Man with No Name,无名者,2010,Wang Bing,,man_with_no_name (non-anamorphic).avi
Manila in the Claws of Light,Maynila sa mga Kuko ng Liwanag,1975,Lino Brocka,,Manila in the Claws of Light
Marcello Mastroianni: I Remember,"Marcello Mastroianni - Mi ricordo, sì, io mi ricordo",1997,Anna Maria Tato,,I remember 
March Comes in Like a Lion,三月のライオン,1991,Hitoshi Yazaki,,March Comes in Like a Lion
Maria,マリア,1992,Shunji Iwai,,03 Maria (1992).mkv
Matango,マタンゴ,1963,Ishiro Honda,,Matango
Medea,Medea,1969,Pier Paolo Pasolini,,Medea
Mellow,Mellow,2020,Rikiya Imaizumi,,Mellow
Memoir of a Snail,Memoir of a Snail,2024,Adam Elliot,,Memoir of a Snail
Mermaid Legend,人魚伝説,1984,Toshiharu Ikeda,,mermaid.-legend.-1984.1080p.-blu-ray.x-264.-dts-fgt
"Merry Christmas,Mr.Lawrence","Merry Christmas,Mr.Lawrence",1983,Nagisa Oshima,,Merry Christmas Mr Lawrence
Mikey & Nicky,Mikey and Nicky,1976,Elaine May,,Mikey & Nicky
Millennium Mambo,千禧曼波,2001,Hou Hsiao-hsien,,Millennium Mambo
"Minbo, or the Gentle Art of Japanse Extortion",ミンボーの女,1992,Jūzō Itami,,Minbo (1992) [BLURAY] [1080p] [BluRay] [YTS.MX]
Mirrored Mind,鏡心,2005,Gakuryu Ishii,,Mirrored Mind
Miss Lonely,さびしんぼう,1985,Nobuhiko Obayashi,,Lonely Heart
Monday,マンデイ,2000,SABU,,Monday
Mondays : See You 'This' Week,Mondays : See You 'This' Week,2022,Roy Takebayashi,,Mondays See You This Week
Monster,怪物,2023,Hirokazu Kore-eda,,Monster
Monsters Club,モンスターズクラブ,2011,Toshiaki Toyoda,,Monsters.Club.2011.1080p.BluRay.REMUX.AVC.FLAC.2.0-TRiToN.mkv
Morgiana,Morgiana,1972,Jurja Herz,,Morgiana
Moving,お引越し,1993,Shinji Somai,,Moving
Mrs.Fang,方绣英,2017,Wang Bing,,Mrs. Fang 2017 720p WEBRip AAC 2.0 H264
Murmur of Youth,美麗在唱歌,1997,Lin Cheng-sheng,,Murmur of Youth
Murmur of Youth,美麗在唱歌,1997,Lin Cheng-sheng,,Murmur of Youth
My Blueberry Nights,藍莓之夜,2007,Wong Kar-Wai,,My Blueberry Nights
My Dinner with Andre,My Dinner with Andre,1981,Louis Malle,,My Dinner With Andre
My Heart Belongs to Daddy,私の心はパパのもの,1988,Nobuhiko Obayashi,,My Heart Belongs to Daddy
My Stinking Kid,我的臭小孩,2004,Tsai Ming-liang,,Wo de chou xiaohai AKA My Stinking Kid 2004 NTSC DVD DD2.0 x264-Mdr.mkv
My Sunshine,ぼくのお日さま,2024,Hiroshi Okuyama,,My Sunshine
Naila and the Uprising,Naila and the Uprising,2017,Julia Bacha,,Naila and the Uprising
Nakasendo,中山道,1963,Nobuhiko Obayashi,,Nakasendo
New Old,New Old,1979,Pierre Clémenti,,New Old
New Religion,ニューレリジョン,2022,Keishi Kondo,,New Religion
Next Sohee,다음 소희,2022,July Jung,,About Kim Sohee
Nickel Boys,Nickel Boys,2024,Ramell Ross,,Nickel Boys
Night and Day,밤과 낮,2008,Hong Sang-soo,,Night and Day
Night and Fog in Zona,천당의 밤과 안개,2015,Jung Sung-il,,Night.and.Fog.in.Zona.2015.DVDRip.x264-NoGroup.mkv
Nightmare Detective,悪夢探偵,2006,Shinya Tsukamoto,,Nightmare Detective
Nightmare Detective 2,悪夢探偵2,2008,Shinya Tsukamoto,,Nightmare Detective 2
No Dogs or Italians Allowed,Interdit aux chiens et aux Italiens,2022,Alain Ughetto,,No Dogs or Italians Allowed
No Other Land ,                                                    لا أرض أخرى,2024,Basel Adra/Yuval Abraham,,No Other Land
No Regrets For Our Youth,わが青春に悔なし,1946,Akira Kurosawa,,No Regrets For Our Youth
No Smoking,No Smoking,2019,Taketoshi Sado,,No Smoking
Nobody Knows,誰も知らない,2004,Hirokazu Kore-eda,,Nobody Knows
Nobody's Daugher Haewon,누구의 딸도 아닌 해원,2013,Hong Sang-soo,,Nobody's Daughter Haewon
Nomad,烈火青春,1982,Patrick Tam,,Nomad
Nostalghia,Ностальгия,1983,Andrei Tarkovsky,,Nostalghia
Nostos: The Return,Nostos: il ritorno,1989,Franco Pavioli,,Nostos Il ritorno.avi
Notes Towards an African Orestes,Appunti per un'Orestiade africana,1970,Pier Paolo Pasolini,,Notes Towards and African Orestes
Nowhere Man,無能の人,1991,Naoto Takenaka,,Nowhere Man
O-DE-KA-KE Diary,おでかけ日記,1989,Utako Koguchi,,O-De-Ka-Ke Diary (1989).mkv
Occult,オカルト,2009,Koji Shiraishi,,Occult
Oedipus Rex,Edipo re,1967,Pier Paolo Pasolini,,Oedipus Rex
Oh Lucy!,オー・ルーシー！,2017,Atsuko Hirayanagi,,Oh Lucy
"Oh, Sun",Soleil O,1970,Med Hondo,,Soleil O
Oki's Movie,옥희의 영화,2010,Hong Sang-soo,,Oki's Movie
Omelette,オムレツ,1992,Shunji Iwai,,06 Omelete (1992).mkv
Omelia Contadina,Omelia Contadina,2020,Alice Rohrwacher,,Omelia Contadina
On Body and Soul,Testről és lélekről,2017,Ildiko Enyedi,,On Body and Soul
On the Beach at Night Alone,밤의 해변에서 혼자,2017,Hong Sang-soo,,On the Beach at Night Alone
On the Occasion of Remembering the Turning Gate,생활의 발견,2002,Hong Sang-soo,,On the Occasion of Remembering the Turning Gate
On the Run,亡命鴛鴦,1988,Alfred Cheung Kin-Ting,,On The Run
Once a Thief,縱橫四海,1991,John Woo,,Once a Thief.mkv
One Million Yen Girl,百万円と苦虫女,2008,Yuki Tanada,,One Million Yen Girl
One Summer's Day,あの、夏の日 とんでろ じいちゃん,1999,Nobuhiko Obayashi,,One Summer's Day
One Wonderful Sunday,素晴らしき日曜日,1947,Akira Kurosawa,,One Wonderful Sunday
Onibaba,鬼婆,1964,Kaneto Shindo,,Onibaba
Onomichi,Onomichi,1963,Nobuhiko Obayashi,,Onomichi
Orderly or Disorderly,                                       به ترتیب یا بدون ترتیب,1981,Abbas Kiarostami,,Orderly.or.Disorderly.1981.720p.BluRay.AAC1.0.x264-Dariush.mkv
"Oslo, August 31st","Oslo, 31. august",2011,Joachim Trier,,Oslo August 31st
Our Little Sister,海街diary,2015,Hirokazu Kore-eda,,Our Little Sister
Our Sunhi,우리 선희,2013,Hong Sang-soo,,Our Sunhi
Outrage ,アウトレイジ,2010,Takeshi Kitano,,The Outrage
Outrage Coda,アウトレイジ 最終章,2017,Takeshi Kitano,,Outrage Coda
P.P Rider,ションベン・ライダー,1983,Shinji Somai,,PP Rider
Pacifiction,Pacifiction,2022,Albert Serra,,Pacifiction
Paradise Now,Paradise Now,2005,Hany Abu-Assad,,Paradise Now
Pasolini prossimo nostro,Pasolini prossimo nostro,2006,Giuseppe Bertolucci,,Pasolini Prossimo Nostro
Pasolini's Last Words,Pasolini's Last Worlds,2012,Cathy Lee Crane,,Pasolini's Last Words
Passing Fancy,出来ごころ,1933,Yasujiro Ozu,,Passing.Fancy.1933.480p.DVD.MPEG-2.AC3.mkv
Passion,Passion,2008,Ryusuke Hamaguchi,,Passion
Passion,Passion,2008,Ryusuke Hamaguchi,,Passion
Peppermint Candy,박하사탕,1999,Lee Chang-dong,,Peppermint Candy
Perfect Days,Perfect Days,2023,Wim Wenders,,Perfect Days
Phantom of the Paradise,Phantom of the Paradise,1974,Brian De Palma,,Phantom of the Paradise
Phantom of the Toilet,トイレの花子さん,1995,Joji Matsuoka,,Phantom of the Toilet
Picnic,Picnic,1996,Shunji Iwai,,Picnic
Pier Paolo Pasolini - Agnès Varda-New York 1967,New York 1967,2022,Agnès Varda,,Pasolini-Agnès Varda New York
Pigsty,Porcile,1969,Pier Paolo Pasolini,,Pigsty
Pitfall,おとし穴,1962,Hiroshi Teshigahara,,Pitfall
Planetist,プラネティスト,2018,Toshiaki Toyoda,,Planetist.2018.720p.SUBBED.WEB.x264-gooz.mkv
Play While You Play,風兒踢踏踩,1981,Hou Hsiao-hsien,,Cheerful Wind
Pornostar,ポルノスター,1998,Toshiaki Toyoda,,Pornostar
Possession,Possession,1981,Andrzej Żuławski,,Possession
Postman Blues,ポストマン・ブルース,1997,SABU,,Posutoman Burusu (1997) [1080p] [WEBRip] [YTS.MX]
Postmen in the Mountains,那山那人那狗,1999,Huo Jianqi,,Postmen in the Mountains
Prison on Fire,監獄風雲,1987,Ringo Lam Ling-Tung,,Prison on Fire
Prison on Fire II,監獄風雲II逃犯,1991,Ringo Lam Ling-Tung,,Prison on Fire II
Profile in Anger,無名火,1984,Bryan Leung,,Profile In Anger 1984 480i DVD Remux DD2.0 MPEG2-19TH.mkv
Pulse,回路,2001,Kiyoshi Kurosawa,,Pulse
Punishment Park,Punishment Park,1971,Peter Watkins,,Punishment Park
Quatre Nuits d'un rêveur ,Quatre Nuits d'un rêveur,1971,Robert Bresson,,Four.Nights.Of.A.Dreamer.1971.1080p.BluRay.x264.AAC-[YTS.MX].mp4
Rashomon,羅生門,1950,Akira Kurosawa,,Rashomon
Real,リアル〜完全なる首長竜の日〜,2013,Kiyoshi Kurosawa,,Real
Rebels of the Neon God,青少年哪吒,1992,Tsai Ming-liang,,Rebels of the Neon God
Recess,                                                                      زنگ تفریح‎‎,1972,Abbas Kiarostami,,Zang-e.Tafrih.1972.BDRemux.1080p.mkv
Record of a Tenement Gentleman,長屋紳士録,1947,Yasujiro Ozu,,Record of a Tenement Gentleman
Red Beard,赤ひげ,1965,Akira Kurosawa,,Red Beard
Remembrance,形見,1963,Nobuhiko Obayashi,,Remembrance
Rent-a-Cat,レンタネコ,2012,Naoko Ogigami,,Rent-a-Cat
Reprise,Reprise,2006,Joachim Trier,,Reprise
Resurrection of the Golden Wolf,蘇える金狼,1979,Toru Murakawa,,Resurrection of the Golden Wolf
Retribution,叫,2006,Kiyoshi Kurosawa,,Retribution.2007.MULTI.DVDRiP.AC3.x264-km35.mkv
Returner,リターナー,2002,Takashi Yamazaki,,Returner
Rhapsody in August,八月の狂詩曲,1991,Akira Kurosawa,,Rhapsody in August
Rich and Famous,江湖情,1987,Taylor Wong,,Rich and Famous
"Right Now,Wrong Then",지금은맞고그때는틀리다,2015,Hong Sang-soo,,Right Now Wrong Then
Ritual,式日,2000,Hideaki Anno,,Ritual
River,リバー、流れないでよ,2023,Junta Yamaguchi,,River
Robot Dreams,Robot Dreams,2023,Pablo Berger,,Robot.Dreams.2023.1080p.WEBRip.x264.AAC-[YTS.MX].mp4
"Rome, Open City",Roma città aperta,1945,Roberto Rosselini,,Rome Open City
Roujin Z,老人Z,1991,Hiroyuki Kitakubo,,Roujin Z
Round About Midngnith,真夜中まで,1999,Makoto Wada,,Round About Midnight
Round Midnight,Round Midnight,1986,Bertrand Tavernier,,Round Midnight
Rubber Band Pistol,ゴムデッポウ,1962,Juzo Itami,,Rubber Band Pistol
Ruined Heart: Another Love Story Between a Criminal & a Whore,Pusong Wazak: Isa Na Namang Kwento Ng Pag-ibig Sa Pagitan Ng Puta At Kriminal,2014,Khavn,,ruined.heart.2014.1080p.bluray.x264-usury.mkv
Running Out of Time,暗戰,1999,Johnnie To ,,Running out of Time
Ryuichi Sakamoto : Coda,Ryuichi Sakamoto : Coda,2017,Stephen Nomura Schible,,Ryuichi Sakamoto Coda
Ryuichi Sakamoto | Opus,Ryuichi Sakamoto | Opus,2023,Neo Sora,,Ryuichi Sakamoto : Opus
Ryuzo and the Seven Henchmen,龍三と七人の子分たち,2015,Takeshi Kitano,,Ryuzo and the Seven Henchmen
Sad Vacation,サッド ヴァケイション,2007,Shinji Aoyama,,Sad Vacation
Sada,SADA 戯作・阿部定の生涯,1998,Nobuhiko Obayashi,,Sada
Sade : Lovers Live,Sade: Lovers Live,2002,Sophie Muller,,Sade : Lovers Live
Sailor Suit and Machine Gun,セーラー服と機関銃,1981,Shinji Somai,,Sailor Suit and Machine Gun
"Salo,or the 120 Days of Sodom",Salò o le 120 giornate di Sodoma,1975,Pier Paolo Pasolini,,Salo or the 120 Days of Sodom
Salt of This Sea,                                                    ملح هذا البحر,2008,Annemarie Jacir,,Salt of This Sea
Samurai Kids,水の旅人－侍KIDS－,1993,Nobuhiko Obayashi,,Samurai Kids
Sand,沙,2018,Tsai Ming-liang,,Sand (2018).mkv
Sanjuro,椿三十郎,1962,Akira Kurosawa,,Sanjuro
Sanshiro Sugata Part II,續 姿三四郎,1945,Akira Kurosawa,,Sanshiro Sugata part II
Savage City : Angel Whisper,野獣都市 天使の囁き,1991,Toru Murakawa,,Savage City : Angel Whisper
Save the Green Planet,지구를 지켜라!,2003,Jang Joon-hwan,,Save the Green Planet
Scandal,醜聞,1950,Akira Kurosawa,,Scandal
School in the Crosshairs,ねらわれた学園,1981,Nobuhiko Obayashi,,School in the Crosshairs
School on Fire,學校風雲,1988,Ringo Lam Ning-Tung,,School on Fire
Seance,降霊,2000,Kiyoshi Kurosawa,,Seance.2001.DVDRip.x264-.mkv
Sennen Tabito,千年旅人,1999,Jinsei Tsuji,,Sennen Tabito
Serpent's Path,蛇の道,1998,Kiyoshi Kurosawa,,Serpent's Path (1998)
Seven Samurai,七人の侍,1954,Akira Kurosawa,,Seven Samurai
Seven Weeks,野のなななのか,2014,Nobuhiko Obayashi,,Seven Weeks
Seventh Code,Seventh Code,2013,Kiyoshi Kurosawa,,Seventh Code
Sexy Beast,Sexy Beast,2000,Jonathan Glazer,,Sexy Beast
Shadow of Fire,ほかげ,2023,Shinya Tsukamoto,,Shadow Of Fire
Shall We Dance?,Shall we ダンス?,1996,Masayuki Suo,,Shall We Dance
Shanghai Blues,上海之夜,1984,Tsui Hark,,Shanghai Blues
She Shoots Straight,皇家女將,1990,Corey Yuen Kwai,,She Shoots Straight
Shirin,                                                            شیرین,2008,Abbas Kiarostami,,Shirin.2008.1080p.MUBI.WEB-DL.AAC2.0.H.264-KRS43.mkv
Shiver,せんりつ せしめよ,2021,Toshiaki Toyoda,,Shiver.2021.1080p.WEB-DL.AAC.H264.mkv
Shokuzai,贖罪,2012,Kiyoshi Kurosawa,,Shokuzai
Shoplifters,万引き家族,2018,Hirokazu Kore-eda,,Shoplifters
Silence Has No Wings,とべない沈黙,1966,Kazuo Kuroki,,Silence Has No Wings
Sing Sing,Sing Sing,2023,Greg Kwedar,,Sing Sing
Sleepless Town,不夜城,1998,Lee Chi-Ngai,,Sleepless Town
Small Talk,日常對話,2016,Huang Hui-chen,,Small Talk
Smashing the 0-Line,密航０ライン,1960,Seijun Suzuki,,Smashing the 0-line
Soley,Soley,1982,"Manrico Povolettino,Roska Oskarsdottir",,Soley
Solution No.1,                                                                        راه حل یک,1978,Abbas Kiarostami,,Rah.Hal-e.Yek.(Solution).1978.VOSTFR.1080p.BDRemux.x264.DTS.mkv
"Someday, Someone Will Be Killed",いつか誰かが殺される,1984,Yoichi Sai,,"Someday, Someone Will Be Killed"
Sonatine,Sonatine,1993,Takeshi Kitano,,Sonatine
Song of the Horse,馬の歌,1971,Akira Kurosawa,,Song of the Horses
Soundtrack to a Coup d'état,Soundtrack to a Coup d'état,2024,Johan Grimonpez,,Soundtrack to a Coup d'état
Stalker,Сталкер,1979,Andrei Tarkovsky,,Stalker
Star Watching Dog,星守る犬,2011,Tomoyuki Takimoto,,Star Watching Dog
Stereo Future,ステレオ フューチャー,2001,Hiroyuki Nakano,,Stereo Future
Still Walking,歩いても 歩いても,2008,Hirokazu Kore-eda,,Still Walking
Storytellers,うたうひと,2013,Ryusuke Hamaguchi,,Storytellers.2013.1080i.HDTV.x264.mkv
Strange Days,Strange Days,1995,Kathryn Bigelow,,Strange Days
Stranger,夜のストレンジャー 恐怖,1991,Shunichi Nagasaki,,Stranger
Stray Dog,野良犬,1949,Akira Kurosawa,,Stray Dog
Stray Dogs,郊遊,2013,Tsai Ming-liang,,Stray Dogs
Straying,猫は逃げた,2022,Rikiya Imaizumi,,Straying
Straying,猫は逃げた,2022,Rikiya Imaizumi,,Straying
Streetwise,Streetwise,1984,Martin Bell,,Streetwise (1984) [1080p] [BluRay] [YTS.MX]
Sugata Sanshiro,姿三四郎,1943,Akira Kurosawa,,Sugata Sanshiro
Suit Yourself or Shoot Yourself (les 6),勝手にしやがれ！！ 逆転計画,1996,Kiyoshi Kurosawa,,Suit Yourself or Shoot Yourself
Suite Dreams,THE 有頂天ホテル,2006,Koki Mitani,,Suite Dreams
Sujo,Sujo,2024,"Astrid Rondero, Fernanda Valadez",,Sujo
Summer Vacation 1999,1999年の夏休み,1988,Shusuke Kaneko,,Summer Vacation 1999
Summer Vacation 1999,1999年の夏休み,1988,Shusuke Kaneko,,Summer Vacation 1999
Super Happy Forever,Super Happy Forever,2024,Igarashi Kohei,,Super Happy Forever
Supermarket Woman,スーパーの女,1996,Jūzō Itami,,Supermarket Woman
Swallowtail Butterfly,スワロウテイル,1996,Shunji Iwai,,Swallowtail Butterfly
Sweet Home,スウィートホーム,1989,Kiyoshi Kurosawa,,Sweet Home
Swing Girls,スウィングガールズ,2004,Shinobu Yaguchi,,Swing Girls
Switching Goodbye Me,転校生 -さよなら あなた-,2007,Nobuhiko Obayashi,,Switching Goodbye Me
"Synecdoche, New York","Synecdoche, New York",2008,Charlie Kaufman,,"Synechdoche, New York"
Ta'ang,Ta'ang,2016,Wang Bing,,Ta'ang.2016.1080p.AAC.2.0-SaL.mkv
Taipei Story,青梅竹馬,1985,Edward Yang,,Taipei Story
Take Me Away,ふりむけば愛,1978,Nobuhiko Obayashi,,Take Me Away
Takeshis',Takeshis',2005,Takeshi Kitano,,Takeshi's
Tale of Cinema,극장전,2005,Hong Sang-soo,,Tale of Cinema
Tales of a Golden Geisha,あげまん,1990,Juzo Itami,,Tales of a Golden Geisha
Tales of the Three Jewels,                                          حكايات الجواهر ثلاث,1995,Michel Khleifei,,Tales of the Three Jewels
Tampopo,タンポポ,1985,Jūzō Itami,,Tampopo
Target,薔薇の標的,1980,Toru Murakawa,,Target
Taste of Cherry,                                                                        طعم گيلاس,1997,Abbas Kiarostami,,Le Goût de la Cerise
Tempting Heart,心動,1999,Sylvia Chang,,Tempting Heart
Ten,                                                                          ده,2002,Abbas Kiarostami,,Ten
Tetsuo II: Body Hammer,鉄男II BODY HAMMER,1992,Shinya Tsukamoto,,Tetsuo II Body Hammer
Tetsuo: The Bullet Man,鉄男 THE BULLET MAN,2009,Shinya Tsukamoto,,Tetsuo 3 The Bullet Man
Tetsuo: The Iron Man,鉄男,1989,Shinya Tsukamoto,,Tetsuo.1989.1080p.BluRay.x264.AAC.mp4
That Cold Day in the Park,That Cold Day in the Park,1969,Robert Altman,,That Cold Day in the Park
That Day On The Beach,海灘的一天,1983,Edward Yang,,That Day On the Beach
That Night's Wife,その夜の妻,1930,Yasujiro Ozu,,That Night's Wife
The Adventure of Denchu-Kozo,電柱小僧の冒険,1987,Shinya Tsukamoto,,The Adventure of Denchu Kozo
The Adventurers,大冒險家,1995,Ringo Lam Ling-Tung,,The Adventurers
The Adventures of Kosuke Kindaichi,金田一耕助の冒険,1979,Nobuhiko Obayashi,,The Adventures of Kosuke Kindaichi
The American Friend,Der amerikanische Freund,1977,Wim Wenders,,The American Friend
The Apartment,The Apartment,1960,Billy Wilder,,The Apartment
The Assassin,刺客聶隱娘,2015,Hou Hsiao-hsien,,The Assassin
The Bad Sleep Well,悪い奴ほどよく眠る,1960,Akira Kurosawa,,The Bad Sleep Well
The Battle of Algiers,La battaglia di Algeri,1966,Gillo Pontecorvo,,The Battle of Algiers
The Beast To Die,野獣死すべし,1980,Toru Murakawa,,The Beast To Die
The Beekeeper,Ο Μελισσοκόμος,1986,Theo Angelopoulos,,The Beekeeper
The Blood of Rebirth,蘇りの血,2009,Toshiaki Toyoda,,The Blood of Rebirth
The Boxer's Omen,魔,1983,Kuei Chih Hung,,The Boxer's Omen
The Boys from Fengkuei,風櫃來的人,1983,Hou Hsiao-hsien,,The Boys from Fengkuei
The Bread and Alley,                                                                        نان و کوچه,1970,Abbas Kiarostami,,Nan.va.Koutcheh.1970.BDRemux.1080p.mkv
The Breaking Ice,燃冬,2023,Anthony Chen,,The Breaking Ice
The Canterbury Tales,I racconti di Canterbury,1972,Pier Paolo Pasolini,,The Canterbury Tales
The Case of Hana & Alice,花とアリス殺人事件,2015,Shunji Iwai,,The Murder Case of Hana and Alice
The Castle of Sand,砂の器,1974,Yoshitaro Nomura,,The Castle of Sand
The Cat,衛斯理之老貓,1992,Lam Nai-Choi,,Lao.mao.AKA.The.Cat.1992.1080p.WEB-DL.AAC2.0.x264-KUCHU.mkv
The Catch,魚影の群れ,1983,Shinji Somai,,The Catch
The Chorus,                                                        همسرایان,1982,Abbas Kiarostami,,Hamsarayan [Abbas Kiarostami] 1996.mkv
The Color of Paradise,                                                          رنگ خدا,1999,Majid Majidi,,The Color of Paradise
The Colours,                                                        ..رنگ‌ها,1976,Abbas Kiarostami,,The.Colours.1976.1080p.LCC.WEB-DL.AAC.2.0.x264-DOLPHIN.mkv
The Connection,The Connection,1961,Shirley Clarke,,The Connection
The Crazy Family,逆噴射家族,1984,Gakuryu Ishii,,The Crazy Family
The Day a Pig Fell Into the Well,돼지가 우물에 빠진 날,1996,Hong Sang-soo,,The Day a Pig Fell into the Well
The Day After,그 후,2017,Hong Sang-soo,,The Day After
The Day He Arrives,북촌방향,2011,Hong Sang-soo,,The Days He Arrives
The Day of Destruction,破壊の日,2020,Toshiaki Toyoda,,The.Day.of.Destruction.2020.1080p.BluRay.REMUX.AVC.DD.2.0-TRiToN.mkv
The Decameron,Il Decameron,1971,Pier Paolo Pasolini,,The Decameron
The Depths,심도,2010,Ryusuke Hamaguchi,,The Depths (2010).mp4
The Deserted City,廃市,1984,Nobuhiko Obayashi,,The Deserted City
The Diary of a Big Man,大丈夫日記,1988,Chor Yuen,,Big Diary Man
The Discarnates,異人たちとの夏,1988,Nobuhiko Obayashi,,The Discarnates
The Ditch,夹边沟,2010,Wang Bing,,The Ditch
The Drifting Classroom,漂流教室,1987,Nobuhiko Obayashi,,The Drifting Classroom
The Driver,The Driver,1978,Walter Hill,,The Driver
The Dupes,                                                       المخدوعون,1972,Tawfiq Saleh,,The Dupes
The Dust of Time,Η Σκόνη του Χρόνου,2008,Theo Angelopoulos,,The Dust Of Time
The Eel,うなぎ,1997,Shōhei Imamura,,Unagi (1997) [DC]_HD.mp4
The Execution Game,処刑遊戯,1979,Toru Murakawa,,The Execution Game
The Experience,                                                             تجرب,1973,Abbas Kiarostami,,The.Experience.1973.720p.BluRay.AAC1.0.x264-Dariush.mkv
The Face of Another,他人の顔,1966,Hiroshi Teshigahara,,The Face of Another
The Family Game,家族ゲーム,1983,Yoshimitsu Morita,,The Family Game
The Fith Seal,Az ötödik pecsét,1976,Zoltán Fábri,,The Fifth Seal
The Flavor of Green Tea Over Rice,お茶漬けの味,1952,Yasujiro Ozu,,Flavor of Green Tea Over Rice
The Funeral ,お葬式,1984,Jūzō Itami,,The Funeral
The Girl in the Picture,絵の中の少女,1958,Nobuhiko Obayashi,,The Girl in the Picture
The Girl Who Leapt Through Time,時をかける少女,1983,Nobuhiko Obayashi,,The Girl Who Leapt Through Time
The Glorious Asuka Gang!,花のあすか組！,1988,Yoichi Sai,,The Asuka Gang!
The Gospel According to Matthew,Il vangelo secondo Matteo,1964,Pier Paolo Pasolini,,The Gospel According to St Matthew
The Grandmaster,一代宗師,2013,Wong Kar-Wai,,The Grandmaster
"The Green, Green Grass of Home",在那河畔青草青,1982,Hou Hsiao-hsien,,The Green Grass of Home
The Guard From Underground,地獄の警備員,1992,Kiyoshi Kurosawa,,The Guard From Underground
The Hand,手,2020,Wong Kar-Wai,,The Hand
The Haunted Cop Shop,猛鬼差館,1987,Jeffrey Lau,,The Haunted Cop Shop
The Hawks and the Sparrows,Uccellacci e uccellini,1966,Pier Paolo Pasolini,,The Hawks and the Sparrows
The Hidden Fortress,隠し砦の三悪人,1958,Akira Kurosawa,,The Hidden Fortress
The Hidden Trails of the Beast,獣たちの熱い眠り,1981,Toru Murakawa,,The Hidden Trails of the Beast
The Hitman : Blood Smells Like Roses,ザ・ヒットマン 血はバラの匂い,1991,Teruo Ishii,,The Hitman : Blood Smells Like Roses
The Hole,洞,1998,Tsai Ming-liang,,The Hole
The Hourglass Sanatorium,Sanatorium pod klepsydrą,1973,Wojciech Jerzy Has,,The Hourglass Sanatorium
The House is Black,                                                                    خانه سیاه است,1963,Forugh Farrokhzad,,Khaneh siah ast (1963) HD.mp4
The Human Condition (Trilogie),人間の條件 第１部純愛篇／第２部激怒篇,1959,Masaki Kobayashi,,The Human Condition Trilogy
The Hunters,Οι κυνηγοί,1977,Theo Angelopoulos,,The Hunters
The Idiot,白痴,1951,Akira Kurosawa,,The Idiot
The Idol,                                                     يا طير الطاير,2015,Hany Abu-Assad,,The Idol
The Incident,事件,1978,Yoshitaro Nomura,,The Incident
The Island Closest to Heaven,天国にいちばん近い島,1984,Nobuhiko Obayashi,,The Island Closest to Heaven
The Killer,喋血雙雄,1989,John Woo,,The Killer
The Kon Ichikawa Story,市川崑物語,2006,Shunji Iwai,,The.Kon.Ichikawa.Story
The Lady and the Beard,淑女と髭,1931,Yasujiro Ozu,,The Lady and the Beard (1931).mkv
The Lady in a Black Dress,黒いドレスの女,1987,Yoichi Sai,,The Lady in a Black Dress
The Lakeside Murdercase,レイクサイド マーダーケース,2004,Shinji Aoyama,,The Lakeside Murder Case
The Last Black Man in San Francisco,The Last Black Man in San Francisco,2019,Joe Talbot,,The Last Black Man in San Francisco
The Last Dance,破·地獄,2024,Anselm Chan,,The Last Dance
The Last Dance,大病人,1993,Juzo Itami,,The Last Dance
The Last Hero,汚れた英雄,1982,Haruki Kadokawa,,The Last Hero
The Last Snow,なごり雪,2002,Nobuhiko Obayashi,,The Last Snow
The Lion Dance,菊五郎の鏡獅子,1936,Yasujiro Ozu,,The Lion Dance
The Little Girl Who Conquered Time,時をかける少女,1983,Nobuhiko Obayashi,,The Girl Who Leapt Through Time
The Lonely Hearts Club Band in September,九月の冗談クラブバンド,1982,Shunichi Nagasaki,,The Lonely Hearts Club Band in September
The Long Goodbye,The Long Goodbye,1973,Robert Altman,,The Long Goodbye
The Lower Depths,どん底,1957,Akira Kurosawa,,Donzoko
The Making of 'Tampopo',伊丹十三の「タンポポ」撮影日記,1986,Toshiro Uratani,,The Making of Tampopo
The Man Who Came to Kill,殺しに来た男,1991,Shunji Iwai,,02 The Man Who Came To Kill (1991).mkv
The Man Who Stole the Sun,太陽を盗んだ男,1979,Kazuhiko Hasegawa,,The Man Who Stole the Sun
The Men Who Tread on the Tiger's Tail,虎の尾を踏む男達,1945,Akira Kurosawa,,The Men Who Tread on the Tiger's Tail
The Miracle of Crybaby Shottan,泣き虫しょったんの奇跡,2018,Toshiaki Toyoda,,The.Miracle.of.Crybaby.Shottan.2018.1080p.WEB-DL.AAC.H264.mkv
The Most Beautiful,一番美しく,1944,Akira Kurosawa,,The Most Beautiful
The Most Terrible Time in My Life,我が人生最悪の時,1994,Kaizo Hayashi,,The Most Terrible Time in my Life
The Motive,理由,2004,Nobuhiko Obayashi,,The Motive
The Munekata Sisters,宗方姉妹,1950,Yasujiro Ozu,,The Munekata Sisters
The Night,良夜不能留,2021,Tsai Ming-liang,,The.Night.2021.1080p.AMZN.WEB-DL.DDP2.0.H.264-SCOPE.mkv
The Night of Counting the Years,                                                          المومياء,1969,Shadi Abdel Salam,,Night of Counting the Years
The Novelist's Film,소설가의 영화,2022,Hong Sang-soo,,The Novelists
The Odd One Dies,兩個只能活一個,1997,Patrick Yau Tat-Chi,,The Odd One Dies
The Only Son,一人息子,1936,Yasujiro Ozu,,The Only Son
The Pear Tree,                                                   درخت گلابی,1998,Dariush Mehjrui,,The Pear Tree
The Phantom of Regular Size,普通サイズの怪人,1986,Shinya Tsukamoto,,The.Phantom.of.Regular.Size.mkv
The Piano Teacher,La Pianiste,2001,Micheal Haneke,,The Piano Teacher
The Power of Kangwon Province,강원도의 힘,1998,Hong Sang-soo,,The Power of Kangwon Province
The Puppetmaster,戲夢人生,1993,Hou Hsiao-hsien,,The Puppetmaster
The Quiet Duel,静かなる決闘,1949,Akira Kurosawa,,The Quiet Duel
The Reconstruction,Αναπαράσταση,1970,Theo Angelopoulos,,Reconstruction.1968.1080p.WEBRip.x264.mkv
The Report,                                                                            گزارش,1977,Abbas Kiarostami,,The.Report.1977.720p.BluRay.x264.AAC-[YTS.MX].mp4
"The Revenge, A Scard That Never Dies",復讐 THE REVENGE 消えない傷痕,1997,Kiyoshi Kurosawa,,"The Revenge, A Scar That Never Dies"
"The Revenge, A Visit from Fate",復讐 THE REVENGE 運命の訪問者,1997,Kiyoshi Kurosawa,,"The Revenge, A Visit from Fate"
The River,河流,1997,Tsai Ming-liang,,The River
The Rocking Horsemen,青春デンデケデケデケ,1992,Nobuhiko Obayashi,,The Rocking Horsemen
The Sandwich Man,兒子的大玩偶,1983,Hou Hsiao-hsien,,The.Sandwich.Man.1983.1080p.BluRay.x264-MELiTE.mkv
The Secret of the Third Planet,Тайна третьей планеты,1981,Roman Kachanov,,The Third Planet
The Silence,                                                           سکوت,1998,Moshen Makhmalbaf,,Silence
The Skywalk is Gone,天橋不見了,2002,Tsai Ming-liang,,The Skywalk is Gone
The Snow King,雪の王様,1993,Shunji Iwai,,07 - The Snow King - Shunji Iwai - 1993
The Sound of Waves,なみのおと,2012,Ryusuke Hamaguchi,,The Sound of Waves (2012).mkv
The Spirit of the Beehive,El espíritu de la colmena,1973,Victor Erice,,The Spirit of the Beehive
The Stairway to the Distant Past,遙かな時代の階段を,1995,Kaizo Hayashi,,The Stairway to the Distant Past
The Stranger and the Fog,                                                      غریبه و مه,1974,Bahram Beyzai,,The Stranger and the Fog
The Suspended Step of the Stork,Το μετέωρο βήμα του πελαργού,1991,Theo Angelopoulos,,1991 The Suspended Step of the Stork.mkv
The Taste of Tea,茶の味,2004,Katsuhito Ishii,,The Taste of Tea
The Terrorizers,恐怖份子,1986,Edward Yang,,The Terrorizers
The Third Murder,三度目の殺人,2017,Hirokazu Kore-eda,,The Third Murder
The Time That Remains,                                                      الزمن الباقي,2009,Elia Suleiman,,The Time That Remains
The Time to Live and the Time to Die,童年往事,1985,Hou Hsiao-hsien,,A Time to Live and a Time to Die
The Trap,罠 THE TRAP,1996,Kaizo Hayashi,,The Trap
The Traveler,                                                                              مسافر,1974,Abbas Kiarostami,,The Traveler
The Travelling Players,Ο θίασος,1975,Theo Angelopoulos,,The Travelling Players
The Truth,La Vérité,2019,Hirokazu Kore-eda,,The Truth
The Vanishing ,Spoorloos,1988,George Sluize,,The Vanishing
The Wayward Cloud,天邊一朵雲,2005,Tsai Ming-liang,,The Wayward Cloud
The Weeping Meadow,Το Λιβάδι που δακρύζει,2004,Theo Angelopoulos,,The Weeping Meadow
The Whale God,鯨神,1962,Tokuzo Tanaka,,The Whale God
The Wind Will Carry Us,                                                               باد ما را خواهد برد,1999,Abbas Kiarostami,,The Wind Will Carry Us
The Witches,Le streghe,1967,Pier Paolo Pasolini,,The Witches
The Woman Who Ran,도망친 여자,2020,Hong Sang-soo,,The Woman Who Ran
The Wonders,La meravigile,2014,Alice Rohrwacher,,The Wonders
Theorem,Teorema,1968,Pier Paolo Pasolini,,Teorema
There Is No Lid on the Sea,海のふた,2015,Keisuke Toyoshima,,There is No Lid on the Sea
They Do Not Exist,                                                   ليس لهم وجود,1974,Mustafa Abu Ali,,They Do Not Exist
This is England,This is England,2006,Shane Meadows,,This is England
Thousand Cranes,千羽づる,1989,Seijiro Koyama,,Thousand Cranes
Three Colours: Blue,Trois couleurs : Bleu,1993,Krzysztof Kieslowski,,Three Colours: Blue
Three Colours: Red,Trois couleurs : Rouge,1994,Krzysztof Kieslowski,,Three Colours : Red
Three Colours: White,Trois couleurs : Blanc,1994,Krzysztof Kieslowski,,Three Colours: White
Three Sisters,三姊妹,2012,Wang Bing,,Three Sisters (2012) 1080p WEB-DL DDP2.0 H.264 - Cinefeel.mkv
Three Times,最好的時光,2005,Hou Hsiao-hsien,,Three Times
Throne of Blood,蜘蛛巣城,1957,Akira Kurosawa,,Throne of Blood
Through the Olive Trees,                                                               زیر درختان زیتون,1994,Abbas Kiarostami,,Through the Olive Trees
"Throw Away Your Books, Rally in the Streets",書を捨てよ町へ出よう,1971,Shuji Terayama,,Throw Away Your Book Rally in the Streets
Throw Down,柔道龍虎榜,2004,Johnnie To ,,Throw Down
Thursday,木曜日,1961,Nobuhiko Obayashi,,Thursday
Tie Xi Qu: West of Tracks,铁西区,2003,Wang Bing,,West of the Tracks (2003) Tie Xi Qu
Tiger on the Beat,老虎出更,1988,Lau Kar-Leung,,Tiger on the Beat
Til Madness Do Us Part,疯爱,2013,Wang Bing,,Til.Madness.Do.Us.Part.2013.CHINESE.ENSUBBED.1080p.WEBRip.x264.AAC-[YTS.MX].mp4
Time and Tide,順流逆流,2000,Tsui Hark,,Time and Tide
Time Still Turns the Pages,年少日記,2023,Nick Cheunk,,Time Still Turns the Pages
Timeless Bottomless Bad Movie,나쁜 영화,1997,Jang Sun-woo,,Timeless Bottomless
To Live,活着,1994,Zhang Yimou,,To Live
To The Ends of The Eearth,旅のおわり、世界のはじまり,2019,Kiyoshi Kurosawa,,To The Ends of The Earth
Toad's Oil,ガマの油,2009,Koji Yakusho,,Toad's Oil
Tokyo Cabbageman K.,東京白菜関K者,1980,Akira Ogata,,Tokyo Cabbageman K.
Tokyo Chorus,東京の合唱,1931,Yasujiro Ozu,,Tokyo.Chorus.1931.480p.DVD.MPEG-2.AC3.mkv
Tokyo Drifter,東京流れ者,1966,Seijun Suzuki,,Tokyo Drifter
Tokyo Fair Weather,東京日和,1997,Naoto Takenaka,,Tokyo Biyori
Tokyo Fist,東京フィスト,1995,Shinya Tsukamoto,,Tokyo Fist
Tokyo Heaven,東京上空いらっしゃいませ,1990,Shinji Somai,,Tokyo Heaven
Tokyo Heaven,東京上空いらっしゃいませ,1990,Shinji Somai,,Tokyo Heaven
Tokyo Pop,Tokyo Pop,1988,Fran Rubel Kuzui,,Tokyo Pop
Tokyo Serendipity,恋するマドリ,2007,Akiko Ohku,,Tokyo Serendipity
Tokyo Sonata,トウキョウソナタ,2008,Kiyoshi Kurosawa,,Tokyo Sonata.2008.VOSTFR.1080p.BDRip.EAC3.x265.k7.mkv
Tokyo-Ga,Tokyo-Ga,1985,Wim Wenders,,Tokyo-Ga (1985) [1080p] [BluRay] [5.1] [YTS.MX]
tokyo.sora,tokyo.sora,2002,Hiroshi Ichikawa,,Tokyo.sora
Torso,トルソ,2009,Yutaka Yamazaki,,Torso
Totto-chan: The Little Girl at the Window,窓ぎわのトットちゃん,2023,Shinnosuke Yakuwa,,Totto-Chan The Little Girl At The Window
Touching the Skin of Eeriness,不気味なものの肌に触れる,2013,Ryusuke Hamaguchi,,Touching of Eeriness
Touki Bouki,Touki-Bouki,1973,Djibril Diop Mambéty,,Touki Bouki
Traces,遗址,2014,Wang Bing,,Traces.2014.720p.FLAC.2.0.x264-SaL.mkv
Tragic Hero,英雄好漢,1987,Taylor Wong,,A Tragic Hero
Triangle,鐵三角,2007,Johnnie To ,,Triangle
Tribute to the Teachers,                                                بزرگداشت معلم‌ه,1977,Abbas Kiarostami,,Tribute.to.the.Teachers.1977.720p.BluRay.AAC1.0.x264-Dariush.mkv
Turning Point,女ざかり,1994,Nobuhiko Obayashi,,Turning Point
Turtles Can Fly,                                                      کیسەڵەکانیش دەفڕن,2004,Bahman Ghobadi,,Turtles Can Fly (2004) (1080p WEB-DL x265 afm72).mkv
Typhoon Club,台風クラブ,1985,Shinji Somai,,Typhoon Club
Ulysses's Gaze,Το βλέμμα του Οδυσσέα,1995,Theo Angelopoulos,,Ulysses Gaze
Unchain,アンチェイン,2001,Toshiaki Toyoda,,Unchain
Undeclared War,Sheng zhan feng yun,1990,Ringo Lam Ling-Tung,,Undeclared War
Undecurrent,アンダーカレント,2023,Rikiya Imaizumi,,Undercurrent
Under the Open Sky,すばらしき世界,2020,Miwa Nishikawa,,Under The Open Sky (2020) [1080p] [BluRay] [5.1] [YTS.MX]
Under the Silver Lake,Under the Silver Lake,2018,David Robert Mitchell,,Under.the.Silver.Lake.2018.MULTi.1080p.HDLight.x264.AC3-EXTREME.mkv
Undo,Undo,1994,Shunji Iwai,,Undo
Unknow Child,見知らぬ我が子,1991,Shunji Iwai,,"01 My Child, A Stranger (1991).mkv"
Until the End of the World (DC),Bis ans Ende der Welt,1991,Wim Wenders,,Until The End Of The World (1991) [1080p] [BluRay] [5.1] [YTS.MX]
Vampire ,Vampire,2011,Shunji Iwai,,Vampire
Vengeance is Mine,復讐するは我にあり,1979,Shohei Imamura,,Vengeance is Mine
Vera,Vera,1986,Sergio Toledo,,Vera
Viet & Nam,Trong lòng đất,2024,Trương Minh Quý,,Viet & Nam
Violent Cop,その男、凶暴につき,1989,Takeshi Kitano,,Violent Cop
Violettina,Violettina,2016,Alice Rohrwacher,,Violettina
Virgin Stripped Bare by Her Bachelors,오! 수정,2000,Hong Sang-soo,,Virgin Stripped Bare By Her Bachelors
Visible Secret,幽靈人間,2001,Ann Hui,,Visible Secret (2001) [BLURAY] [1080p] [BluRay] [5.1] [YTS.MX]
Vital,ヴィタール,2004,Shinya Tsukamoto,,Vital
Viva Erotica,色情男女,1996,"Derek Yee Tung-Sing,Lo Chi-Leung",,Viva Erotica
Vive L'Amour,愛情萬歲,1994,Tsai Ming-liang,,Vive l'Amour
Voices from the Waves-Kesennuma,なみのこえ 気仙沼,2013,Ryusuke Hamaguchi,,Voices from the Waves Kesennuma.mkv
Voices from the Waves-Shinchimachi,なみのこえ 新地町,2013,Ryusuke Hamaguchi,,Voices from the Waves Shinchimachi.mkv
Voices in the Wind,風の電話,2020,Nobuhiro Suwa,,Voices in the Wind
Voyage to Cythera ,Ταξίδι στα Κύθηρα,1984,Theo Angelopoulos,,Voyage to Cythera
Wait and See,あ、春,1998,Shinji Somai,,Wait and See
Wajib,                                                           واجب,2017,Annemarie Jacir,,Wajib
Walk Cheerfully,朗かに歩め,1930,Yasujiro Ozu,,Walk.Cheerfully.1930.480p.DVD.MPEG-2.AC3.mkv
Walk Up,탑,2022,Hong Sang-soo,,Walk Up
Waterboys,ウォーターボーイズ,2001,Shinobu Yaguchi,,Waterboys
"Welcome Back, Mr.Mcdonald",ラヂオの時間,1997,Koki Mitani,,Welcome Back Mr Mcdonald
Werckmeister Harmonies,Werckmeister harmóniák,2000,Béla Tarr,,Werckmeister Harmonies
What Did the Lady Forget?,淑女は何を忘れたか,1937,Yasujiro Ozu,,What Did the Lady Forget
What Happened Was...,What Happened Was...,1994,Tom Noonan,,What Happened Was
What Time is it There?,你那邊幾點,2001,Tsai Ming-liang,,What Time is It There
Wheel of Fortune and Fantasy,偶然と想像,2021,Ryusuke Hamaguchi,,Wheel of Fortune and Fantasy
When Cinema Reflects the Time,映画が時代を写す時－侯孝賢とエドワード・ヤン,1993,Hirokazu Kore-eda,,When Cinema Reflects the Time
When I Saw You,                                                         لما شفتك,2012,Annemarie Jacir,,When I Saw You
"When Morning Comes, I Feel Empty",朝がくるとむなしくなる,2022,Yuho Ishibashi,,"When Morning Comes, I feel Empty"
When The Light Breaks,Ljósbrot,2024,Runar Runarsson,,When The Light Breaks
Where Is the Friend's House?,                                                           خانه‌ی دوست کجاست؟,1987,Abbas Kiarostami,,Where is the Friends House
Where Now Are the Dreams of Youth?,青春の夢いまいづこ,1932,Yasujiro Ozu,,Where are the Dreams of Youth
Whoever Says the Truth Shall Die,Wie de Waarheid Zegt Moet Dood,1981,Philo Bregstein,,Whoever Says the Truth Shall Die
Why ?,Why ?,1982,Monica Maurer,,Why ?
Wife of a Spy,スパイの妻,2020,Kiyoshi Kurosawa,,Wife of a Spy
Wild Search,伴我闖天涯,1989,Ringo Lam Ling-Tung,,Wild Search
Without Memory,記憶が失われた時…〜ある家族の2年半の記録〜,1996,Hirokazu Kore-eda,,Without_Memory_-_Hirokazu_Koreeda_1996.mp4
WKW 2046,WKW 2046,2004,Wong Kar-Wai,,2046
Wolf's Calling,狼煙が呼ぶ,2019,Toshiaki Toyoda,,Wolf's Calling 1080p BluRay AAC2.0 x264.mkv
Woman in Witness Protection,マルタイの女,1997,Juzo Itami,,Woman in Witness Protection
Woman is the Future of Man,여자는 남자의 미래다,2004,Hong Sang-soo,,Woman is the Future of Man
Woman of Tokyo,東京の女,1933,Yasujiro Ozu,,Woman of Tokyo
Woman on the Beach,해변의 여인,2006,Hong Sang-soo,,Woman on the Beach
Yakuza Graveyard,やくざの墓場,1976,Kinji Fukasaku,,Yakuza Graveyard
Yakuza Taxi,893 Taxi,1994,Kiyoshi Kurosawa,,Yakuza Taxi
"Yes,Madam!",皇家師姐,1985,Corey Yuen Kwai,,"Yes,Madam!"
YiYi,一一,2000,Edward Yang,,YiYi
Yojimbo,用心棒,1961,Akira Kurosawa,,Yojimbo
Yokohama BJ Blues,ヨコハマＢＪブルース,1981,Eiichi Kudo,,Yokohama BJ Blues
Your Face,你的臉,2018,Tsai Ming-liang,,Your FaceNI DE LIAN(2018) by Tsai Ming Liang.mkv
Yourself and Yours,당신자신과 당신의 것,2016,Hong Sang-soo,,Yourself and Yours
Youth (Hardtimes),青春（苦）,2024,Wang Bing,,Youth.Hard.Times.2025.1080p.WEB-DL.AAC2.0.x264.mkv
Youth (Homecoming),青春（归）,2024,Wang Bing,,Youth.Homecoming.2024.WEB-DL.1080p.Dream.mkv
Youth (Spring),青春（春）,2023,Wang Bing,,Youth.Spring.2023.DOCU.CHiNESE.AAC2.0.NORDiCSUBS.1080p.WEBRip.x264-PTNK.mkv
Zatoichi,座頭市,2003,Takeshi Kitano,,Zatoichi